id,path,ext,size_bytes,cost_minutes,n_emails,n_iban,n_cards,entropy,value_score
0,data/corpus/000/000000.swf,swf,80468,6.153,0,0,0,7.945,1.822
1,data/corpus/000/000001.doc,doc,40960,8.078,0,0,0,3.111,7.245
2,data/corpus/000/000002.doc,doc,57856,8.11,0,0,0,5.825,7.67
3,data/corpus/000/000003.doc,doc,55808,8.106,0,0,0,5.86,7.656
4,data/corpus/000/000004.doc,doc,175616,8.335,0,0,0,6.82,7.272
5,data/corpus/000/000005.doc,doc,180736,8.345,0,0,0,6.738,7.305
6,data/corpus/000/000006.doc,doc,67584,8.129,0,0,0,3.529,7.412
7,data/corpus/000/000007.doc,doc,179200,8.342,0,0,0,4.514,7.806
8,data/corpus/000/000008.ppt,ppt,304640,7.581,0,0,0,7.835,4.866
9,data/corpus/000/000009.pdf,pdf,39586,10.076,0,0,7,7.689,91.925
10,data/corpus/000/000010.pdf,pdf,120441,10.23,0,0,8,7.951,103.82
11,data/corpus/000/000011.pdf,pdf,31367,10.06,0,0,19,6.868,236.253
12,data/corpus/000/000012.pdf,pdf,22857,10.044,0,0,6,7.197,80.121
13,data/corpus/000/000013.pdf,pdf,38638,10.074,0,0,13,7.777,163.889
14,data/corpus/000/000014.html,html,38053,5.073,0,0,0,5.16,5.936
15,data/corpus/000/000015.pdf,pdf,55964,10.107,0,0,25,7.737,307.905
16,data/corpus/000/000016.pdf,pdf,150586,10.287,0,0,7,7.956,91.818
17,data/corpus/000/000017.swf,swf,7690,6.015,0,0,0,7.973,1.811
18,data/corpus/000/000018.pdf,pdf,94424,10.18,0,0,0,7.179,8.128
19,data/corpus/000/000019.pdf,pdf,124152,10.237,0,0,8,7.935,103.826
20,data/corpus/000/000020.pdf,pdf,4755,10.009,0,0,3,6.02,44.592
21,data/corpus/000/000021.pdf,pdf,4521,10.009,0,0,1,5.83,20.668
22,data/corpus/000/000022.pdf,pdf,21235,10.041,0,0,16,7.367,200.053
23,data/corpus/000/000024.pdf,pdf,44121,10.084,0,0,6,7.921,79.832
24,data/corpus/000/000025.pdf,pdf,197832,10.377,0,0,9,7.955,115.818
25,data/corpus/000/000026.pdf,pdf,97475,10.186,0,0,13,7.96,163.816
26,data/corpus/000/000027.csv,csv,38637,6.074,0,0,0,4.922,7.969
27,data/corpus/000/000028.pdf,pdf,205925,10.393,0,0,3,7.984,43.806
28,data/corpus/000/000029.pdf,pdf,3727214,17.109,0,0,6,7.983,79.807
29,data/corpus/000/000030.xls,xls,7883264,24.036,0,0,0,5.221,8.912
30,data/corpus/000/000031.xls,xls,2374656,13.529,0,0,0,5.093,8.963
31,data/corpus/000/000032.xls,xls,28598784,63.548,0,0,103,4.611,1244.844
32,data/corpus/000/000033.xls,xls,5580288,19.644,0,0,0,4.725,8.89
33,data/corpus/000/000034.xls,xls,14257664,36.194,0,0,0,4.676,8.87
34,data/corpus/000/000035.xls,xls,34304,9.065,0,0,0,3.546,8.418
35,data/corpus/000/000036.xls,xls,81920,9.156,0,0,0,3.747,8.499
36,data/corpus/000/000037.xls,xls,3795968,16.24,0,0,0,5.295,8.882
37,data/corpus/000/000038.xls,xls,71680,9.137,0,0,0,4.431,8.772
38,data/corpus/000/000039.xml,xml,3480,5.007,0,0,0,4.798,5.919
39,data/corpus/000/000040.xls,xls,52224,9.1,0,0,0,4.725,8.89
40,data/corpus/000/000041.xls,xls,101376,9.193,0,0,0,4.944,8.977
41,data/corpus/000/000042.xls,xls,92160,9.176,0,0,0,4.251,8.7
42,data/corpus/000/000043.xls,xls,14646272,36.936,0,0,0,5.043,8.983
43,data/corpus/000/000044.xls,xls,167424,9.319,0,0,0,4.972,8.989
44,data/corpus/000/000045.xls,xls,2823168,14.385,0,0,0,4.73,8.892
45,data/corpus/000/000046.xls,xls,74240,9.142,9,0,0,4.271,35.708
46,data/corpus/000/000047.xls,xls,2742784,14.231,1,0,0,4.766,11.906
47,data/corpus/000/000048.xls,xls,2856960,14.449,0,0,0,4.971,8.988
48,data/corpus/000/000049.xls,xls,3138560,14.986,0,0,0,5.131,8.947
49,data/corpus/000/000050.xls,xls,9473536,27.069,0,0,0,5.058,8.977
50,data/corpus/000/000051.xls,xls,3769856,16.19,0,0,0,4.947,8.979
51,data/corpus/000/000052.xls,xls,2434048,13.643,0,0,0,5.529,8.788
52,data/corpus/000/000053.xls,xls,6325248,21.064,0,0,0,5.331,8.868
53,data/corpus/000/000054.xls,xls,169472,9.323,0,0,0,6.084,8.567
54,data/corpus/000/000055.xls,xls,14073344,35.843,0,0,0,4.686,8.874
55,data/corpus/000/000056.html,html,6664,5.013,0,0,0,5.111,5.956
56,data/corpus/000/000057.html,html,15893,5.03,0,0,0,4.969,5.988
57,data/corpus/000/000058.html,html,734,5.001,0,0,0,4.996,5.998
58,data/corpus/000/000059.html,html,30388,5.058,0,0,0,5.574,5.77
59,data/corpus/000/000060.html,html,32414,5.062,0,0,0,5.344,5.862
60,data/corpus/000/000061.html,html,2788,5.005,0,0,0,5.171,5.932
61,data/corpus/000/000062.html,html,3576,5.007,0,0,0,5.21,5.916
62,data/corpus/000/000063.html,html,37251,5.071,0,0,0,5.018,5.993
63,data/corpus/000/000064.html,html,4125,5.008,0,0,0,5.238,5.905
64,data/corpus/000/000065.html,html,5883,5.011,0,0,0,5.348,5.861
65,data/corpus/000/000066.html,html,14998,5.029,0,0,0,5.27,5.892
66,data/corpus/000/000067.xml,xml,3483,5.007,0,0,0,4.803,5.921
67,data/corpus/000/000068.html,html,2758,5.005,0,0,0,5.073,5.971
68,data/corpus/000/000069.html,html,9750,5.019,0,0,0,4.624,5.849
69,data/corpus/000/000070.html,html,29327,5.056,1,0,0,4.269,8.708
70,data/corpus/000/000071.html,html,47111,5.09,0,0,0,5.311,5.875
71,data/corpus/000/000072.html,html,19192,5.037,1,0,0,5.22,8.912
72,data/corpus/000/000073.html,html,16919,5.032,1,0,0,5.294,8.883
73,data/corpus/000/000074.html,html,16807,5.032,1,0,0,5.293,8.883
74,data/corpus/000/000075.html,html,3809,5.007,0,0,0,4.734,5.893
75,data/corpus/000/000076.html,html,2384,5.005,0,0,0,5.337,5.865
76,data/corpus/000/000077.html,html,32681,5.062,1,0,0,5.088,8.965
77,data/corpus/000/000078.html,html,2989,5.006,0,0,0,5.061,5.976
78,data/corpus/000/000079.html,html,15084,5.029,1,0,0,5.176,8.93
79,data/corpus/000/000080.html,html,635,5.001,0,0,0,5.318,5.873
80,data/corpus/000/000081.txt,txt,13150,4.025,0,0,0,4.395,6.758
81,data/corpus/000/000082.txt,txt,2687,4.005,0,0,0,4.571,6.828
82,data/corpus/000/000083.unk,unk,7671,10.015,1,0,0,4.893,7.957
83,data/corpus/000/000084.txt,txt,512,4.001,2,0,0,4.973,12.989
84,data/corpus/000/000085.txt,txt,3508,4.007,0,0,0,4.549,6.82
85,data/corpus/000/000086.txt,txt,26270,4.05,0,0,0,5.031,6.988
86,data/corpus/000/000087.txt,txt,23494,4.045,0,0,0,4.556,6.822
87,data/corpus/000/000088.txt,txt,4139,4.008,0,0,0,4.53,6.812
88,data/corpus/000/000089.txt,txt,36176,4.069,0,0,0,0.939,5.376
89,data/corpus/000/000090.txt,txt,17522,4.033,0,0,0,2.579,6.031
90,data/corpus/000/000092.txt,txt,7421,4.014,0,0,0,5.002,6.999
91,data/corpus/000/000093.txt,txt,32010,4.061,0,0,0,4.523,6.809
92,data/corpus/000/000094.txt,txt,109756,4.209,0,0,0,2.923,6.169
93,data/corpus/000/000095.txt,txt,127325,4.243,0,0,0,5.313,6.875
94,data/corpus/000/000096.txt,txt,232697,4.444,0,0,0,4.603,6.841
95,data/corpus/000/000097.ps,ps,47365,8.09,0,4,0,3.935,36.574
96,data/corpus/000/000098.txt,txt,2232089,8.257,0,0,0,4.035,6.614
97,data/corpus/000/000099.ps,ps,309235,8.59,0,11,0,4.749,92.899
98,data/corpus/000/000100.doc,doc,58368,8.111,0,0,0,5.28,7.888
99,data/corpus/000/000101.doc,doc,107520,8.205,0,0,0,4.608,7.843
100,data/corpus/000/000102.txt,txt,106079,4.202,0,0,0,3.345,6.338
101,data/corpus/000/000103.txt,txt,109907,4.21,0,0,0,4.316,6.726
102,data/corpus/000/000104.txt,txt,118732,4.226,0,0,0,3.327,6.331
103,data/corpus/000/000105.txt,txt,164599,4.314,0,0,0,5.258,6.897
104,data/corpus/000/000106.txt,txt,119522,4.228,0,0,0,4.143,6.657
105,data/corpus/000/000107.jpg,jpg,41572,6.079,0,0,0,7.487,3.005
106,data/corpus/000/000108.jpg,jpg,137413,6.262,0,0,0,7.976,2.81
107,data/corpus/000/000109.jpg,jpg,31046,6.059,0,0,0,7.246,3.102
108,data/corpus/000/000110.jpg,jpg,92856,6.177,0,0,0,7.636,2.946
109,data/corpus/000/000111.doc,doc,176640,8.337,0,0,0,3.939,7.576
110,data/corpus/000/000112.wp,wp,296370,8.565,0,0,0,3.623,5.449
111,data/corpus/000/000113.doc,doc,14170112,35.027,1,0,0,5.092,10.963
112,data/corpus/000/000114.doc,doc,19968,8.038,0,0,0,3.961,7.584
113,data/corpus/000/000115.wp,wp,411294,8.784,0,0,0,5.149,5.941
114,data/corpus/000/000116.doc,doc,1330176,10.537,0,0,0,5.543,7.783
115,data/corpus/000/000117.rtf,rtf,33970,6.065,0,0,0,5.103,6.959
116,data/corpus/000/000118.doc,doc,141312,8.27,1,0,0,5.183,10.927
117,data/corpus/000/000119.doc,doc,96768,8.185,0,0,0,5.139,7.945
118,data/corpus/000/000120.doc,doc,114176,8.218,0,0,0,4.691,7.877
119,data/corpus/000/000121.doc,doc,30720,8.059,0,0,0,3.151,7.26
120,data/corpus/000/000122.doc,doc,139264,8.266,0,0,0,5.134,7.947
121,data/corpus/000/000123.html,html,41230,5.079,0,0,0,5.043,5.983
122,data/corpus/000/000124.doc,doc,6564352,20.521,0,0,0,4.829,7.932
123,data/corpus/000/000125.doc,doc,28160,8.054,0,0,0,3.044,7.217
124,data/corpus/000/000126.doc,doc,557568,9.063,3,0,0,4.822,16.929
125,data/corpus/000/000127.doc,doc,32768,8.062,0,0,0,3.213,7.285
126,data/corpus/000/000128.doc,doc,25600,8.049,0,0,0,2.778,7.111
127,data/corpus/000/000129.html,html,38057,5.073,0,0,0,5.063,5.975
128,data/corpus/000/000130.doc,doc,1156608,10.206,0,0,0,6.678,7.329
129,data/corpus/000/000131.doc,doc,566784,9.081,3,0,0,4.821,16.928
130,data/corpus/000/000132.doc,doc,29184,8.056,0,0,0,2.615,7.046
131,data/corpus/000/000133.ppt,ppt,932352,8.778,0,0,0,7.973,4.811
132,data/corpus/000/000134.ppt,ppt,8657920,23.514,0,0,0,7.835,4.866
133,data/corpus/000/000135.pdf,pdf,80961,10.154,0,0,17,7.885,211.846
134,data/corpus/000/000136.html,html,36111,5.069,0,0,0,4.563,5.825
135,data/corpus/000/000137.pdf,pdf,201776,10.385,0,0,4,7.789,55.885
136,data/corpus/000/000138.html,html,912,5.002,0,0,0,5.394,5.842
137,data/corpus/000/000139.doc,doc,50176,8.096,3,0,0,3.778,16.511
138,data/corpus/000/000140.pdf,pdf,89719,10.171,0,0,29,7.439,356.024
139,data/corpus/000/000141.pdf,pdf,458941,10.875,0,0,7,7.965,91.814
140,data/corpus/000/000142.pdf,pdf,445338,10.849,0,0,3,7.957,43.817
141,data/corpus/000/000143.pdf,pdf,5189989,19.899,0,0,17,7.911,211.836
142,data/corpus/000/000144.doc,doc,36352,8.069,0,0,0,2.682,7.073
143,data/corpus/000/000145.pdf,pdf,45234,10.086,0,0,10,7.646,127.942
144,data/corpus/000/000146.pdf,pdf,3652867,16.967,0,0,0,6.079,8.568
145,data/corpus/000/000147.pdf,pdf,622082,11.187,0,0,5,7.859,67.856
146,data/corpus/000/000148.doc,doc,565248,9.078,0,0,0,4.588,7.835
147,data/corpus/000/000149.pdf,pdf,972022,11.854,0,0,13,7.806,163.878
148,data/corpus/000/000150.pdf,pdf,665275,11.269,0,0,20,7.921,247.831
149,data/corpus/000/000151.doc,doc,19968,8.038,0,0,0,2.087,6.835
150,data/corpus/000/000152.pdf,pdf,4406954,18.406,0,0,0,7.896,7.841
151,data/corpus/000/000153.pdf,pdf,2189678,14.176,0,0,32,7.368,392.053
152,data/corpus/000/000154.doc,doc,918016,9.751,0,0,0,4.638,7.855
153,data/corpus/000/000155.pdf,pdf,1339527,12.555,0,0,6,7.975,79.81
154,data/corpus/000/000156.doc,doc,46080,8.088,0,0,0,4.015,7.606
155,data/corpus/000/000157.pdf,pdf,1656438,13.159,0,0,24,7.469,296.012
156,data/corpus/000/000158.doc,doc,61952,8.118,0,0,0,4.071,7.628
157,data/corpus/000/000159.pdf,pdf,4051537,17.728,0,0,0,7.872,7.851
158,data/corpus/000/000160.ppt,ppt,1496064,9.854,0,0,0,7.954,4.818
159,data/corpus/000/000161.pdf,pdf,26603,10.051,0,0,17,7.455,212.018
160,data/corpus/000/000162.pdf,pdf,244584,10.467,0,0,13,7.733,163.907
161,data/corpus/000/000163.pdf,pdf,1048821,12.0,0,0,8,7.807,103.877
162,data/corpus/000/000164.pdf,pdf,2590299,14.941,0,0,0,7.98,7.808
163,data/corpus/000/000165.ppt,ppt,1919488,10.661,0,0,0,7.826,4.87
164,data/corpus/000/000166.pdf,pdf,238693,10.455,0,0,23,7.501,284.0
165,data/corpus/000/000167.ppt,ppt,911872,8.739,0,0,0,7.951,4.82
166,data/corpus/000/000168.pdf,pdf,552417,11.054,0,1,18,7.887,231.845
167,data/corpus/000/000169.ppt,ppt,676352,8.29,0,0,0,7.968,4.813
168,data/corpus/000/000170.xls,xls,105984,9.202,0,0,0,5.262,8.895
169,data/corpus/000/000171.xls,xls,163328,9.312,0,0,0,5.167,8.933
170,data/corpus/000/000173.html,html,51027,5.097,1,0,0,5.241,8.904
171,data/corpus/000/000174.ppt,ppt,448000,7.854,0,0,0,7.983,4.807
172,data/corpus/000/000175.ppt,ppt,178176,7.34,0,0,0,7.907,4.837
173,data/corpus/000/000176.pdf,pdf,74481,10.142,0,0,6,6.796,80.281
174,data/corpus/000/000177.pdf,pdf,300856,10.574,0,0,6,7.957,79.817
175,data/corpus/000/000178.html,html,90511,5.173,0,0,0,5.269,5.892
176,data/corpus/000/000179.html,html,17150,5.033,0,0,0,5.017,5.993
177,data/corpus/000/000180.html,html,10810,5.021,1,0,0,5.129,8.948
178,data/corpus/000/000181.ppt,ppt,2183680,11.165,0,0,0,7.977,4.809
179,data/corpus/000/000182.html,html,15842,5.03,1,0,0,4.835,8.934
180,data/corpus/000/000183.html,html,36780,5.07,0,0,0,5.051,5.98
181,data/corpus/000/000184.html,html,13687,5.026,4,0,0,4.969,17.987
182,data/corpus/000/000185.html,html,38194,5.073,0,0,0,5.025,5.99
183,data/corpus/000/000186.html,html,14417,5.027,1,0,0,4.896,8.958
184,data/corpus/000/000187.pdf,pdf,9122928,27.401,0,0,30,7.802,367.879
185,data/corpus/000/000188.html,html,132748,5.253,0,0,0,5.283,5.887
186,data/corpus/000/000189.pdf,pdf,90222,10.172,0,0,6,7.973,79.811
187,data/corpus/000/000190.html,html,32527,5.062,0,0,0,5.023,5.991
188,data/corpus/000/000191.html,html,84550,5.161,0,0,0,4.057,5.623
189,data/corpus/000/000192.html,html,9854,5.019,1,0,0,5.151,8.94
190,data/corpus/000/000193.html,html,8540,5.016,2,0,0,5.428,11.829
191,data/corpus/000/000194.html,html,15602,5.03,1,0,0,5.287,8.885
192,data/corpus/000/000195.html,html,11745,5.022,3,0,0,5.074,14.97
193,data/corpus/000/000196.pdf,pdf,40291,10.077,0,0,18,7.717,223.913
194,data/corpus/000/000197.html,html,25594,5.049,1,0,0,5.021,8.991
195,data/corpus/000/000198.html,html,36088,5.069,0,0,0,5.349,5.86
196,data/corpus/000/000199.html,html,58983,5.113,0,0,0,5.365,5.854
197,data/corpus/000/000200.html,html,3706,5.007,0,0,0,5.047,5.981
198,data/corpus/000/000201.html,html,19570,5.037,1,0,0,5.064,8.974
199,data/corpus/000/000202.html,html,25133,5.048,0,0,0,4.868,5.947
200,data/corpus/000/000203.html,html,9585,5.018,1,0,0,5.251,8.9
201,data/corpus/000/000204.html,html,63536,5.121,0,0,0,5.023,5.991
202,data/corpus/000/000205.html,html,2948,5.006,1,0,0,5.165,8.934
203,data/corpus/000/000206.html,html,27836,5.053,1,0,0,4.964,8.985
204,data/corpus/000/000207.html,html,5608,5.011,0,0,0,5.272,5.891
205,data/corpus/000/000208.pdf,pdf,5582269,20.647,0,0,21,7.798,259.881
206,data/corpus/000/000209.html,html,66135,5.126,20,0,0,4.752,35.901
207,data/corpus/000/000210.html,html,11693,5.022,1,0,0,5.37,8.852
208,data/corpus/000/000211.html,html,5058,5.01,0,0,0,4.953,5.981
209,data/corpus/000/000212.html,html,2326,5.004,0,0,0,5.295,5.882
210,data/corpus/000/000213.html,html,7270,5.014,0,0,0,4.674,5.87
211,data/corpus/000/000214.html,html,34250,5.065,0,0,0,5.279,5.888
212,data/corpus/000/000215.html,html,18328,5.035,0,0,0,4.656,5.863
213,data/corpus/000/000216.html,html,29134,5.056,0,0,0,5.22,5.912
214,data/corpus/000/000217.html,html,11223,5.021,1,0,0,4.993,8.997
215,data/corpus/000/000218.txt,txt,24340,4.046,0,0,0,5.042,6.983
216,data/corpus/000/000219.txt,txt,1106,4.002,0,0,0,4.642,6.857
217,data/corpus/000/000220.txt,txt,15654,4.03,0,0,0,4.944,6.978
218,data/corpus/000/000221.txt,txt,1354,4.003,0,0,0,4.568,6.827
219,data/corpus/000/000222.txt,txt,32035,4.061,3,0,0,4.549,15.82
220,data/corpus/000/000223.f,f,1231,4.002,0,0,0,5.172,4.931
221,data/corpus/000/000224.txt,txt,13366,4.025,0,0,11,5.136,138.946
222,data/corpus/000/000225.f,f,2685,4.005,0,0,0,4.847,4.939
223,data/corpus/000/000226.txt,txt,192354,4.367,0,0,0,4.704,6.882
224,data/corpus/000/000227.txt,txt,700229,5.336,0,0,0,4.981,6.992
225,data/corpus/000/000228.txt,txt,934915,5.783,0,0,0,4.98,6.992
226,data/corpus/000/000229.txt,txt,14000,4.027,0,0,0,5.071,6.971
227,data/corpus/000/000230.txt,txt,28277,4.054,0,0,0,4.714,6.886
228,data/corpus/000/000231.jpg,jpg,17107,6.033,0,0,0,7.843,2.863
229,data/corpus/000/000232.jpg,jpg,78199,6.149,0,0,0,7.861,2.856
230,data/corpus/000/000233.gif,gif,120908,5.231,0,0,0,6.899,2.24
231,data/corpus/000/000234.jpg,jpg,45468,6.087,0,0,0,7.975,2.81
232,data/corpus/000/000235.jpg,jpg,14010,6.027,0,0,0,7.96,2.816
233,data/corpus/000/000236.pdf,pdf,12423,10.024,0,0,9,6.072,116.571
234,data/corpus/000/000237.jpg,jpg,23941,6.046,0,0,0,7.976,2.81
235,data/corpus/000/000238.jpg,jpg,27700,6.053,0,0,0,7.965,2.814
236,data/corpus/000/000239.jpg,jpg,27628,6.053,0,0,0,7.972,2.811
237,data/corpus/000/000240.jpg,jpg,13512,6.026,0,0,0,7.942,2.823
238,data/corpus/000/000241.gif,gif,311268,5.594,0,0,0,7.835,1.866
239,data/corpus/000/000242.jpg,jpg,13091,6.025,0,0,0,7.829,2.868
240,data/corpus/000/000243.jpg,jpg,56683,6.108,0,0,0,7.936,2.826
241,data/corpus/000/000244.jpg,jpg,30640,6.058,0,0,0,7.961,2.816
242,data/corpus/000/000245.jpg,jpg,3851,6.007,0,0,0,7.763,2.895
243,data/corpus/000/000246.jpg,jpg,24618,6.047,0,0,0,7.876,2.849
244,data/corpus/000/000247.jpg,jpg,18510,6.035,0,0,0,7.952,2.819
245,data/corpus/000/000248.doc,doc,1015808,9.938,0,0,0,4.352,7.741
246,data/corpus/000/000249.doc,doc,100352,8.191,1,0,0,7.693,9.923
247,data/corpus/000/000250.doc,doc,55808,8.106,0,0,0,4.426,7.77
248,data/corpus/000/000251.pdf,pdf,10788,10.021,0,0,13,6.769,164.292
249,data/corpus/000/000252.pdf,pdf,200856,10.383,0,0,10,7.965,127.814
250,data/corpus/000/000253.doc,doc,91648,8.175,0,0,0,4.884,7.954
251,data/corpus/000/000254.doc,doc,73728,8.141,0,0,0,4.591,7.836
252,data/corpus/000/000255.doc,doc,74752,8.143,0,0,0,3.963,7.585
253,data/corpus/000/000256.doc,doc,27648,8.053,2,0,0,2.082,12.833
254,data/corpus/000/000257.rtf,rtf,255469,6.487,0,0,0,4.951,6.98
255,data/corpus/000/000258.rtf,rtf,325316,6.62,0,0,0,4.958,6.983
256,data/corpus/000/000259.doc,doc,93184,8.178,2,0,0,5.127,13.949
257,data/corpus/000/000260.doc,doc,197120,8.376,1,0,0,6.189,10.524
258,data/corpus/000/000261.doc,doc,1077248,10.055,0,0,0,4.806,7.923
259,data/corpus/000/000262.pdf,pdf,429655,10.82,3,0,1,6.437,29.425
260,data/corpus/000/000263.pdf,pdf,18247,10.035,0,0,11,7.653,139.939
261,data/corpus/000/000264.doc,doc,51200,8.098,1,0,0,3.965,10.586
262,data/corpus/000/000265.doc,doc,20992,8.04,0,0,0,1.808,6.723
263,data/corpus/000/000266.pdf,pdf,19021,10.036,0,0,3,7.641,43.944
264,data/corpus/000/000267.doc,doc,337920,8.645,0,0,0,4.72,7.888
265,data/corpus/000/000268.doc,doc,28160,8.054,0,0,0,2.095,6.838
266,data/corpus/000/000269.pdf,pdf,2066037,13.941,0,0,15,7.812,187.875
267,data/corpus/000/000270.pdf,pdf,70312,10.134,0,0,13,7.877,163.849
268,data/corpus/000/000271.doc,doc,78848,8.15,2,0,0,5.545,13.782
269,data/corpus/000/000272.pdf,pdf,293665,10.56,0,0,11,7.933,139.827
270,data/corpus/000/000273.doc,doc,32768,8.062,37,0,0,3.003,37.201
271,data/corpus/000/000274.doc,doc,53760,8.103,1,0,0,4.851,10.94
272,data/corpus/000/000275.doc,doc,31232,8.06,0,0,0,3.372,7.349
273,data/corpus/000/000276.doc,doc,232448,8.443,1,0,0,5.376,10.85
274,data/corpus/000/000277.doc,doc,275456,8.525,7,0,0,4.635,28.854
275,data/corpus/000/000278.doc,doc,78336,8.149,0,0,0,5.128,7.949
276,data/corpus/000/000279.doc,doc,29184,8.056,0,0,0,3.224,7.289
277,data/corpus/000/000280.pdf,pdf,1174312,12.24,0,0,21,7.717,259.913
278,data/corpus/000/000281.doc,doc,247296,8.472,78,0,0,3.454,37.381
279,data/corpus/000/000282.pdf,pdf,3918750,17.474,0,0,9,7.928,115.829
280,data/corpus/000/000283.doc,doc,72269,8.138,0,0,0,3.838,7.535
281,data/corpus/000/000284.txt,txt,29867,4.057,0,0,0,4.721,6.888
282,data/corpus/000/000285.doc,doc,28672,8.055,1,0,0,2.373,9.949
283,data/corpus/000/000286.doc,doc,83456,8.159,0,0,0,5.872,7.651
284,data/corpus/000/000287.doc,doc,209920,8.4,3,0,0,4.68,16.872
285,data/corpus/000/000288.ppt,ppt,1146368,9.187,0,0,0,7.7,4.92
286,data/corpus/000/000289.ppt,ppt,1808896,10.45,0,0,0,7.954,4.818
287,data/corpus/000/000290.ppt,ppt,98304,7.188,0,0,0,4.319,5.728
288,data/corpus/000/000291.ppt,ppt,1262592,9.408,0,0,0,7.955,4.818
289,data/corpus/000/000292.ppt,ppt,2917888,12.565,0,0,0,7.985,4.806
290,data/corpus/000/000293.ppt,ppt,76288,7.146,0,0,0,4.016,5.607
291,data/corpus/000/000294.ppt,ppt,60928,7.116,1,0,0,4.051,8.621
292,data/corpus/000/000295.ppt,ppt,367616,7.701,0,0,0,7.934,4.826
293,data/corpus/000/000296.ppt,ppt,157696,7.301,1,0,0,4.278,8.711
294,data/corpus/000/000297.ppt,ppt,96256,7.184,1,0,0,4.16,8.664
295,data/corpus/000/000298.ppt,ppt,1768960,10.374,0,0,1,7.975,16.81
296,data/corpus/000/000299.ppt,ppt,2073088,10.954,0,0,0,7.973,4.811
297,data/corpus/000/000300.ppt,ppt,74752,7.143,0,0,0,4.11,5.644
298,data/corpus/000/000301.ppt,ppt,209408,7.399,0,0,0,7.984,4.807
299,data/corpus/000/000302.ppt,ppt,550400,8.05,0,0,0,7.966,4.813
300,data/corpus/000/000303.ppt,ppt,946176,8.805,0,0,0,7.955,4.818
301,data/corpus/000/000304.ppt,ppt,1917440,10.657,0,0,0,7.956,4.817
302,data/corpus/000/000305.ppt,ppt,1018880,8.943,0,0,0,7.988,4.805
303,data/corpus/000/000306.ppt,ppt,1779200,10.394,0,0,1,7.963,16.815
304,data/corpus/000/000307.ppt,ppt,456192,7.87,0,0,0,7.978,4.809
305,data/corpus/000/000308.ppt,ppt,1279488,9.44,0,0,0,7.984,4.806
306,data/corpus/000/000309.ppt,ppt,6252544,18.926,0,0,0,7.967,4.813
307,data/corpus/000/000310.ppt,ppt,254976,7.486,0,0,0,7.981,4.808
308,data/corpus/000/000311.ppt,ppt,834560,8.592,0,0,0,7.391,5.043
309,data/corpus/000/000312.ppt,ppt,1099264,9.097,0,0,0,7.939,4.824
310,data/corpus/000/000313.ppt,ppt,154112,7.294,0,0,0,7.772,4.891
311,data/corpus/000/000314.pdf,pdf,735686,11.403,0,0,16,7.957,199.817
312,data/corpus/000/000315.ppt,ppt,1352192,9.579,0,0,0,7.945,4.822
313,data/corpus/000/000316.pdf,pdf,168192,10.321,0,0,5,6.135,68.546
314,data/corpus/000/000317.ppt,ppt,1177600,9.246,0,0,0,7.839,4.864
315,data/corpus/000/000318.ppt,ppt,252928,7.482,1,0,0,3.684,8.474
316,data/corpus/000/000319.ppt,ppt,429568,7.819,0,0,0,7.876,4.849
317,data/corpus/000/000320.ppt,ppt,1709568,10.261,0,0,0,7.991,4.804
318,data/corpus/000/000321.ppt,ppt,1315328,9.509,0,0,0,7.942,4.823
319,data/corpus/000/000322.ppt,ppt,5045760,16.624,0,0,0,7.955,4.818
320,data/corpus/000/000323.ppt,ppt,1163264,9.219,0,0,0,7.939,4.824
321,data/corpus/000/000324.pdf,pdf,451440,10.861,0,0,6,7.939,79.825
322,data/corpus/000/000325.pdf,pdf,508018,10.969,0,0,10,7.938,127.825
323,data/corpus/000/000326.ppt,ppt,2119168,11.042,0,0,0,7.959,4.816
324,data/corpus/000/000327.ppt,ppt,1485824,9.834,0,0,0,7.639,4.944
325,data/corpus/000/000328.ppt,ppt,185344,7.354,0,0,0,7.119,5.152
326,data/corpus/000/000329.ppt,ppt,463872,7.885,0,0,0,7.977,4.809
327,data/corpus/000/000330.ppt,ppt,1313792,9.506,0,0,0,7.939,4.824
328,data/corpus/000/000331.pdf,pdf,431084,10.822,0,0,6,7.948,79.821
329,data/corpus/000/000332.pdf,pdf,262996,10.502,0,0,0,7.923,7.831
330,data/corpus/000/000333.pdf,pdf,74480,10.142,0,0,1,7.955,19.818
331,data/corpus/000/000334.pdf,pdf,206182,10.393,0,0,0,7.888,7.845
332,data/corpus/000/000335.xml,xml,144,5.0,0,0,0,5.148,5.941
333,data/corpus/000/000336.pdf,pdf,130717,10.249,0,0,144,6.325,1736.47
334,data/corpus/000/000337.pdf,pdf,458008,10.874,0,0,6,7.959,79.816
335,data/corpus/000/000338.pdf,pdf,614385,11.172,0,0,8,7.948,103.821
336,data/corpus/000/000339.pdf,pdf,65206,10.124,0,0,18,7.507,223.997
337,data/corpus/000/000340.pdf,pdf,1664437,13.175,0,2,19,7.86,251.856
338,data/corpus/000/000341.pdf,pdf,109065,10.208,0,0,9,7.913,115.835
339,data/corpus/000/000342.pdf,pdf,41343,10.079,0,0,8,7.667,103.933
340,data/corpus/000/000343.pdf,pdf,64642,10.123,0,0,14,7.599,175.96
341,data/corpus/000/000344.pdf,pdf,2620315,14.998,0,0,108,6.691,1304.324
342,data/corpus/000/000345.pdf,pdf,42273,10.081,0,0,13,7.852,163.859
343,data/corpus/000/000346.pdf,pdf,252172,10.481,0,0,0,7.459,8.017
344,data/corpus/000/000347.pdf,pdf,572552,11.092,0,0,0,7.686,7.926
345,data/corpus/000/000348.pdf,pdf,2300275,14.387,0,0,0,4.95,8.98
346,data/corpus/000/000349.pdf,pdf,39259,10.075,0,0,21,7.571,259.971
347,data/corpus/000/000350.pdf,pdf,4668,10.009,0,0,1,7.311,20.076
348,data/corpus/000/000351.pdf,pdf,256626,10.489,0,0,17,7.845,211.862
349,data/corpus/000/000352.pdf,pdf,333582,10.636,1,0,10,7.927,130.829
350,data/corpus/000/000353.pdf,pdf,97361,10.186,0,0,9,7.978,115.809
351,data/corpus/000/000354.pdf,pdf,96138,10.183,0,0,6,7.97,79.812
352,data/corpus/000/000355.pdf,pdf,233584,10.446,0,0,3,7.983,43.807
353,data/corpus/000/000356.pdf,pdf,23278,10.044,0,0,5,7.355,68.058
354,data/corpus/000/000357.pdf,pdf,476668,10.909,0,0,0,7.614,7.955
355,data/corpus/000/000358.pdf,pdf,273359,10.521,0,0,0,7.942,7.823
356,data/corpus/000/000359.pdf,pdf,1669388,13.184,0,0,12,7.931,151.828
357,data/corpus/000/000360.pdf,pdf,23897,10.046,0,0,15,7.326,188.07
358,data/corpus/000/000361.pdf,pdf,37579,10.072,0,0,8,7.624,103.95
359,data/corpus/000/000362.pdf,pdf,32528,10.062,0,0,16,6.637,200.345
360,data/corpus/000/000363.pdf,pdf,178805,10.341,0,0,3,7.799,43.88
361,data/corpus/000/000364.pdf,pdf,121566,10.232,0,0,4,7.937,55.825
362,data/corpus/000/000365.pdf,pdf,39757,10.076,0,0,6,7.693,79.923
363,data/corpus/000/000366.pdf,pdf,139216,10.266,0,0,23,7.874,283.851
364,data/corpus/000/000367.pdf,pdf,135513,10.258,0,0,24,7.878,295.849
365,data/corpus/000/000368.pdf,pdf,12084,10.023,0,0,13,5.953,164.619
366,data/corpus/000/000369.pdf,pdf,11558,10.022,0,0,15,6.057,188.577
367,data/corpus/000/000370.pdf,pdf,45547,10.087,0,0,12,7.561,151.976
368,data/corpus/000/000371.pdf,pdf,282008,10.538,0,0,18,7.795,223.882
369,data/corpus/000/000372.pdf,pdf,1741033,13.321,0,0,14,7.917,175.833
370,data/corpus/000/000373.pdf,pdf,422934,10.807,0,0,13,7.91,163.836
371,data/corpus/000/000375.xls,xls,47616,9.091,304,0,0,4.06,38.624
372,data/corpus/000/000376.dbase3,dbase3,2882,9.005,0,0,0,4.369,7.747
373,data/corpus/000/000377.xls,xls,33280,9.063,0,0,0,3.812,8.525
374,data/corpus/000/000378.xls,xls,22016,9.042,0,0,0,3.226,8.29
375,data/corpus/000/000379.pdf,pdf,213174,10.407,0,0,6,7.91,79.836
376,data/corpus/000/000380.pdf,pdf,1163575,12.219,0,0,1,7.98,19.808
377,data/corpus/000/000381.pdf,pdf,275349,10.525,0,0,10,7.881,127.848
378,data/corpus/000/000382.xls,xls,103424,9.197,0,0,0,5.136,8.945
379,data/corpus/000/000383.xls,xls,415744,9.793,0,0,0,5.631,8.748
380,data/corpus/000/000384.xls,xls,105472,9.201,638,0,0,5.186,38.926
381,data/corpus/000/000385.xls,xls,50176,9.096,0,0,0,3.239,8.296
382,data/corpus/000/000386.xls,xls,93696,9.179,0,0,0,4.96,8.984
383,data/corpus/000/000387.txt,txt,26,4.0,0,0,0,3.69,6.476
384,data/corpus/000/000388.xls,xls,63488,9.121,360,0,0,4.002,38.601
385,data/corpus/000/000389.dbase3,dbase3,1538,9.003,0,0,0,4.394,7.758
386,data/corpus/000/000390.xls,xls,34304,9.065,26,0,0,3.266,38.306
387,data/corpus/000/000391.xls,xls,134656,9.257,241,0,0,5.283,38.887
388,data/corpus/000/000392.xls,xls,25600,9.049,1,0,0,3.494,11.398
389,data/corpus/000/000393.xls,xls,1607168,12.065,0,0,0,4.79,8.916
390,data/corpus/000/000394.xls,xls,21504,9.041,0,0,0,3.277,8.311
391,data/corpus/000/000395.xls,xls,49152,9.094,0,0,0,4.983,8.993
392,data/corpus/000/000396.xls,xls,1577984,12.01,0,0,0,5.015,8.994
393,data/corpus/000/000397.jpg,jpg,122105,6.233,0,0,0,7.959,2.816
394,data/corpus/000/000398.xls,xls,47616,9.091,68,0,0,3.825,38.53
395,data/corpus/000/000399.xls,xls,223744,9.427,25,0,0,4.781,38.912
396,data/corpus/000/000400.jpg,jpg,71472,6.136,0,0,0,7.976,2.81
397,data/corpus/000/000401.xls,xls,32256,9.062,0,0,0,4.536,8.814
398,data/corpus/000/000402.xls,xls,33792,9.064,1,0,1,2.993,23.197
399,data/corpus/000/000403.xls,xls,199168,9.38,0,0,0,5.186,8.926
400,data/corpus/000/000404.jpg,jpg,38353,6.073,0,0,0,7.965,2.814
401,data/corpus/000/000405.xls,xls,9015296,26.195,0,0,0,3.988,8.595
402,data/corpus/000/000406.xls,xls,22528,9.043,164,0,0,4.744,38.898
403,data/corpus/000/000407.xls,xls,21504,9.041,0,0,0,2.965,8.186
404,data/corpus/000/000408.xls,xls,7489536,23.285,0,0,0,4.897,8.959
405,data/corpus/000/000409.html,html,44214,5.084,2,0,0,5.266,11.893
406,data/corpus/000/000410.html,html,28841,5.055,1,0,0,5.272,8.891
407,data/corpus/000/000411.html,html,7521,5.014,0,0,0,5.272,5.891
408,data/corpus/000/000412.html,html,16376,5.031,0,0,0,5.266,5.894
409,data/corpus/000/000413.html,html,21665,5.041,0,0,0,5.08,5.968
410,data/corpus/000/000414.html,html,3269,5.006,0,0,0,5.597,5.761
411,data/corpus/000/000415.html,html,2770,5.005,0,0,0,5.672,5.731
412,data/corpus/000/000416.html,html,9935,5.019,0,0,0,5.183,5.927
413,data/corpus/000/000417.jpg,jpg,21599,6.041,0,0,0,7.922,2.831
414,data/corpus/000/000418.html,html,33755,5.064,0,0,0,5.198,5.921
415,data/corpus/000/000419.jpg,jpg,49109,6.094,0,0,0,7.957,2.817
416,data/corpus/000/000420.html,html,19421,5.037,0,0,0,5.294,5.883
417,data/corpus/000/000421.html,html,4267,5.008,0,0,0,5.357,5.857
418,data/corpus/000/000422.html,html,4154,5.008,0,0,0,5.35,5.86
419,data/corpus/000/000423.html,html,11116,5.021,1,0,0,5.051,8.98
420,data/corpus/000/000424.html,html,23583,5.045,1,0,0,5.37,8.852
421,data/corpus/000/000425.html,html,2310,5.004,1,0,0,5.298,8.881
422,data/corpus/000/000426.html,html,23336,5.045,3,0,0,5.098,14.961
423,data/corpus/000/000427.html,html,40902,5.078,0,0,0,5.386,5.846
424,data/corpus/000/000428.html,html,61208,5.117,1,0,0,5.487,8.805
425,data/corpus/000/000429.html,html,7991,5.015,0,0,0,4.784,5.913
426,data/corpus/000/000430.html,html,12964,5.025,2,0,0,5.178,11.929
427,data/corpus/000/000431.html,html,13151,5.025,0,0,0,5.056,5.978
428,data/corpus/000/000432.jpg,jpg,22823,6.044,0,0,0,7.872,2.851
429,data/corpus/000/000433.html,html,13398,5.026,0,0,0,5.562,5.775
430,data/corpus/000/000434.html,html,4210,5.008,0,0,0,4.838,5.935
431,data/corpus/000/000435.html,html,9719,5.019,2,0,0,5.243,11.903
432,data/corpus/000/000436.html,html,10604,5.02,1,0,0,5.384,8.846
433,data/corpus/000/000437.jpg,jpg,13203,6.025,0,0,0,7.959,2.816
434,data/corpus/000/000438.html,html,33885,5.065,0,0,0,5.299,5.88
435,data/corpus/000/000439.html,html,15094,5.029,0,0,0,5.24,5.904
436,data/corpus/000/000440.html,html,21995,5.042,0,0,0,5.089,5.964
437,data/corpus/000/000442.html,html,13777,5.026,0,0,0,4.542,5.817
438,data/corpus/000/000444.pdf,pdf,1148629,12.191,0,0,6,7.671,79.932
439,data/corpus/000/000445.html,html,13432,5.026,1,0,0,5.267,8.893
440,data/corpus/000/000446.html,html,14159,5.027,0,0,0,4.794,5.918
441,data/corpus/000/000447.html,html,25885,5.049,2,0,0,5.137,11.945
442,data/corpus/000/000448.html,html,159985,5.305,0,0,0,4.305,5.722
443,data/corpus/000/000449.html,html,39756,5.076,0,0,0,5.154,5.939
444,data/corpus/000/000450.html,html,16487,5.031,0,0,0,5.069,5.972
445,data/corpus/000/000451.html,html,26142,5.05,0,0,0,5.463,5.815
446,data/corpus/000/000452.html,html,18087,5.034,1,0,0,5.086,8.966
447,data/corpus/000/000453.html,html,17239,5.033,8,0,0,5.272,29.891
448,data/corpus/000/000454.html,html,24635,5.047,1,0,0,5.337,8.865
449,data/corpus/000/000455.html,html,132672,5.253,0,0,0,5.228,5.909
450,data/corpus/000/000456.html,html,14048,5.027,0,0,0,5.128,5.949
451,data/corpus/000/000457.html,html,26316,5.05,5,0,3,5.268,56.893
452,data/corpus/000/000458.html,html,20543,5.039,0,0,0,5.857,5.657
453,data/corpus/000/000459.html,html,23782,5.045,0,0,0,5.409,5.836
454,data/corpus/000/000460.txt,txt,6069,4.012,0,0,0,4.83,6.932
455,data/corpus/000/000461.html,html,5170,5.01,0,0,0,5.375,5.85
456,data/corpus/000/000462.txt,txt,6614,4.013,0,0,0,4.681,6.873
457,data/corpus/000/000463.txt,txt,3426,4.007,0,0,0,4.7,6.88
458,data/corpus/000/000464.txt,txt,94528,4.18,1,0,0,4.058,9.623
459,data/corpus/000/000465.unk,unk,1545,10.003,0,0,0,4.583,4.833
460,data/corpus/000/000466.unk,unk,2338,10.004,0,0,0,4.555,4.822
461,data/corpus/000/000467.txt,txt,1921,4.004,0,0,0,4.725,6.89
462,data/corpus/000/000468.txt,txt,3431,4.007,0,0,0,4.609,6.844
463,data/corpus/000/000469.jpg,jpg,77691,6.148,0,0,0,7.677,2.929
464,data/corpus/000/000470.txt,txt,50435,4.096,0,0,0,4.852,6.941
465,data/corpus/000/000471.txt,txt,23544,4.045,0,0,0,4.44,6.776
466,data/corpus/000/000472.txt,txt,61630,4.118,0,0,0,5.459,6.816
467,data/corpus/000/000473.txt,txt,7426,4.014,0,0,0,4.612,6.845
468,data/corpus/000/000474.txt,txt,354638,4.676,0,0,0,3.326,6.33
469,data/corpus/000/000475.txt,txt,5095,4.01,0,0,0,3.733,6.493
470,data/corpus/000/000476.jpg,jpg,6456,6.012,0,0,0,7.944,2.823
471,data/corpus/000/000477.txt,txt,11231,4.021,0,0,0,5.038,6.985
472,data/corpus/000/000478.txt,txt,213606,4.407,0,0,0,4.539,6.816
473,data/corpus/000/000479.txt,txt,12969,4.025,2,0,0,4.665,12.866
474,data/corpus/000/000480.txt,txt,27034,4.052,0,0,0,4.929,6.972
475,data/corpus/000/000481.txt,txt,1288,4.002,1,0,0,4.759,9.903
476,data/corpus/000/000482.ps,ps,11636,8.022,0,0,0,4.542,4.817
477,data/corpus/000/000483.txt,txt,1339,4.003,1,0,0,4.734,9.894
478,data/corpus/000/000484.txt,txt,9080,4.017,1,0,0,4.858,9.943
479,data/corpus/000/000485.txt,txt,3109,4.006,18,0,0,4.935,36.974
480,data/corpus/000/000486.txt,txt,5029,4.01,18,0,0,4.775,36.91
481,data/corpus/000/000487.txt,txt,30667,4.058,0,0,0,4.709,6.884
482,data/corpus/000/000488.unk,unk,109623,10.209,0,0,0,5.426,4.83
483,data/corpus/000/000489.txt,txt,4504,4.009,0,0,0,4.711,6.884
484,data/corpus/000/000490.txt,txt,1679,4.003,2,0,0,4.608,12.843
485,data/corpus/000/000491.txt,txt,28044,4.053,0,0,59,3.371,714.348
486,data/corpus/000/000492.txt,txt,1886,4.004,0,0,0,3.084,6.234
487,data/corpus/000/000493.xml,xml,483,5.001,0,0,0,5.146,5.942
488,data/corpus/000/000494.txt,txt,1379,4.003,0,0,0,4.586,6.834
489,data/corpus/000/000495.unk,unk,62599,10.119,0,0,0,4.699,4.88
490,data/corpus/000/000496.xml,xml,167485,5.319,0,0,0,4.347,5.739
491,data/corpus/000/000497.xml,xml,426234,5.813,0,0,0,4.432,5.773
492,data/corpus/000/000498.txt,txt,4267,4.008,0,0,0,4.632,6.853
493,data/corpus/000/000499.txt,txt,10552,4.02,4,0,0,5.023,18.991
494,data/corpus/000/000500.txt,txt,106733,4.204,0,0,0,5.377,6.849
495,data/corpus/000/000501.txt,txt,13066,4.025,0,0,0,4.458,6.783
496,data/corpus/000/000502.txt,txt,27229,4.052,0,0,0,4.803,6.921
497,data/corpus/000/000503.txt,txt,41815,4.08,0,0,0,4.948,6.979
498,data/corpus/000/000504.txt,txt,6622,4.013,5,0,0,4.894,21.958
499,data/corpus/000/000505.jpg,jpg,165203,6.315,0,0,0,7.075,3.17
500,data/corpus/000/000506.jpg,jpg,117029,6.223,0,0,0,7.882,2.847
501,data/corpus/000/000507.jpg,jpg,101029,6.193,0,0,0,7.974,2.81
502,data/corpus/000/000508.jpg,jpg,11297,6.022,0,0,0,7.933,2.827
503,data/corpus/000/000509.jpg,jpg,1688344,9.22,0,0,0,7.89,2.844
504,data/corpus/000/000510.jpg,jpg,94790,6.181,0,0,0,7.688,2.925
505,data/corpus/000/000511.gif,gif,775995,6.48,0,0,0,7.62,1.952
506,data/corpus/000/000512.jpg,jpg,195311,6.373,0,0,0,7.939,2.825
507,data/corpus/000/000513.jpg,jpg,169718,6.324,0,0,0,7.089,3.164
508,data/corpus/000/000514.jpg,jpg,165590,6.316,0,0,0,7.085,3.166
509,data/corpus/000/000515.jpg,jpg,7630,6.015,0,0,0,7.922,2.831
510,data/corpus/000/000516.jpg,jpg,86609,6.165,0,0,0,7.84,2.864
511,data/corpus/000/000517.gif,gif,708207,6.351,0,0,0,7.51,1.996
512,data/corpus/000/000518.ppt,ppt,8271360,22.776,0,0,0,7.85,4.86
513,data/corpus/000/000519.gif,gif,646344,6.233,0,0,0,7.701,1.92
514,data/corpus/000/000520.gif,gif,888265,6.694,0,0,0,7.532,1.987
515,data/corpus/000/000521.jpg,jpg,38010,6.072,0,0,0,7.326,3.07
516,data/corpus/000/000522.gif,gif,434306,5.828,0,0,0,7.741,1.904
517,data/corpus/000/000523.png,png,999067,6.906,0,0,0,7.978,2.809
518,data/corpus/000/000524.jpg,jpg,15860,6.03,0,0,0,7.947,2.821
519,data/corpus/000/000525.gif,gif,332496,5.634,0,0,0,7.906,1.838
520,data/corpus/000/000526.gif,gif,277400,5.529,0,0,0,7.973,1.811
521,data/corpus/000/000527.gif,gif,290370,5.554,0,0,0,7.974,1.81
522,data/corpus/000/000528.jpg,jpg,30895,6.059,0,0,0,7.977,2.809
523,data/corpus/000/000529.gif,gif,262270,5.5,0,0,0,7.979,1.808
524,data/corpus/000/000530.gif,gif,813520,6.552,0,0,0,7.755,1.898
525,data/corpus/000/000531.jpg,jpg,40823,6.078,0,0,0,7.971,2.812
526,data/corpus/000/000532.jpg,jpg,37776,6.072,0,0,0,7.976,2.81
527,data/corpus/000/000533.doc,doc,356864,8.681,0,0,0,4.924,7.97
528,data/corpus/000/000534.gif,gif,536130,6.023,0,0,0,7.717,1.913
529,data/corpus/000/000535.jpg,jpg,25675,6.049,0,0,0,7.958,2.817
530,data/corpus/000/000536.jpg,jpg,23460,6.045,0,0,0,7.048,3.181
531,data/corpus/000/000537.gif,gif,13434,5.026,0,0,0,7.915,1.834
532,data/corpus/000/000538.gif,gif,877276,6.673,0,0,0,7.835,1.866
533,data/corpus/000/000539.jpg,jpg,19440,6.037,0,0,0,7.95,2.82
534,data/corpus/000/000540.jpg,jpg,2939,6.006,0,0,0,7.828,2.869
535,data/corpus/000/000541.jpg,jpg,32668,6.062,0,0,0,7.243,3.103
536,data/corpus/000/000542.gif,gif,481044,5.918,0,0,0,7.781,1.888
537,data/corpus/000/000543.gif,gif,479507,5.915,0,0,0,7.786,1.886
538,data/corpus/000/000544.jpg,jpg,9619,6.018,0,0,0,7.907,2.837
539,data/corpus/000/000545.gif,gif,2578163,9.917,0,0,0,7.877,1.849
540,data/corpus/000/000546.jpg,jpg,2976,6.006,0,0,0,7.819,2.873
541,data/corpus/000/000547.pdf,pdf,683857,11.304,0,0,4,7.967,55.813
542,data/corpus/000/000548.gif,gif,64403,5.123,0,0,0,7.491,2.004
543,data/corpus/000/000549.jpg,jpg,72512,6.138,0,0,0,7.865,2.854
544,data/corpus/000/000550.jpg,jpg,88393,6.169,0,0,0,7.988,2.805
545,data/corpus/000/000551.jpg,jpg,483240,6.922,0,0,0,7.036,3.186
546,data/corpus/000/000552.html,html,29794,5.057,0,0,0,5.108,5.957
547,data/corpus/000/000553.html,html,30340,5.058,0,0,0,5.106,5.957
548,data/corpus/000/000554.html,html,30721,5.059,0,0,0,5.117,5.953
549,data/corpus/000/000555.html,html,142348,5.272,0,0,0,5.284,5.886
550,data/corpus/000/000556.txt,txt,750364,5.431,0,0,0,4.976,6.99
551,data/corpus/000/000557.ppt,ppt,3331072,13.354,0,0,0,7.972,4.811
552,data/corpus/000/000558.ppt,ppt,5657088,17.79,0,0,0,7.993,4.803
553,data/corpus/000/000559.ppt,ppt,17213440,39.832,0,0,0,7.899,4.84
554,data/corpus/000/000560.ppt,ppt,4314624,15.229,0,0,0,7.845,4.862
555,data/corpus/000/000561.gif,gif,33695,5.064,0,0,0,7.947,1.821
556,data/corpus/000/000562.pdf,pdf,46553,10.089,0,0,14,7.589,175.964
557,data/corpus/000/000563.gif,gif,42547,5.081,0,0,0,7.932,1.827
558,data/corpus/000/000564.csv,csv,7484691,20.276,0,0,0,4.397,7.759
559,data/corpus/000/000565.csv,csv,43100,6.082,0,0,0,4.835,7.934
560,data/corpus/000/000566.pdf,pdf,70952,10.135,0,0,16,7.77,199.892
561,data/corpus/000/000567.pdf,pdf,16133,10.031,0,0,10,7.519,127.992
562,data/corpus/000/000568.pdf,pdf,35480,10.068,0,0,25,5.2,308.92
563,data/corpus/000/000569.pdf,pdf,35997,10.069,0,0,26,5.178,320.929
564,data/corpus/000/000570.pdf,pdf,29573,10.056,0,0,8,7.351,104.059
565,data/corpus/000/000571.pdf,pdf,360396,10.687,0,0,12,7.927,151.829
566,data/corpus/000/000572.pdf,pdf,97945,10.187,0,0,0,7.887,7.845
567,data/corpus/000/000573.swf,swf,94981,6.181,0,0,0,7.995,1.802
568,data/corpus/000/000574.pdf,pdf,179980,10.343,0,0,0,7.914,7.835
569,data/corpus/000/000575.csv,csv,37629,6.072,0,0,0,4.932,7.973
570,data/corpus/000/000576.csv,csv,145813,6.278,0,0,0,4.889,7.956
571,data/corpus/000/000577.pdf,pdf,9224,10.018,0,1,4,5.374,64.85
572,data/corpus/000/000578.pdf,pdf,351558,10.671,0,0,0,5.112,8.955
573,data/corpus/000/000579.gz,gz,175349,12.334,0,0,0,7.982,3.807
574,data/corpus/000/000580.pdf,pdf,42629,10.081,0,0,14,7.864,175.854
575,data/corpus/000/000581.pdf,pdf,73400,10.14,0,0,5,7.809,67.876
576,data/corpus/000/000582.pdf,pdf,379591,10.724,0,0,11,7.87,139.852
577,data/corpus/000/000583.pdf,pdf,225706,10.431,0,0,18,7.893,223.843
578,data/corpus/000/000584.pdf,pdf,1505718,12.872,0,0,6,7.775,79.89
579,data/corpus/000/000585.pdf,pdf,75509,10.144,0,0,17,7.896,211.842
580,data/corpus/000/000586.pdf,pdf,48456,10.092,0,0,18,7.784,223.886
581,data/corpus/000/000587.pdf,pdf,14474,10.028,0,0,2,6.434,32.426
582,data/corpus/000/000588.pdf,pdf,110355,10.21,0,0,21,7.798,259.881
583,data/corpus/000/000589.pdf,pdf,305050,10.582,0,0,13,7.862,163.855
584,data/corpus/000/000590.pdf,pdf,205481,10.392,0,0,12,7.594,151.962
585,data/corpus/000/000591.pdf,pdf,6349,10.012,0,0,2,6.735,32.306
586,data/corpus/000/000592.pdf,pdf,99895,10.191,0,0,7,7.945,91.822
587,data/corpus/000/000593.pdf,pdf,51727,10.099,0,0,9,7.723,115.911
588,data/corpus/000/000594.pdf,pdf,109194,10.208,0,0,3,7.982,43.807
589,data/corpus/000/000595.pdf,pdf,4090732,17.802,0,0,17,7.547,211.981
590,data/corpus/000/000596.pdf,pdf,61982,10.118,0,0,12,7.771,151.891
591,data/corpus/000/000597.html,html,17024,5.032,2,0,0,4.857,11.943
592,data/corpus/000/000598.html,html,150112,5.286,0,0,0,5.313,5.875
593,data/corpus/000/000599.html,html,117009,5.223,0,0,0,5.376,5.849
594,data/corpus/000/000600.html,html,293,5.001,0,0,0,4.424,5.77
595,data/corpus/000/000601.html,html,237,5.0,0,0,0,4.124,5.65
596,data/corpus/000/000603.jpg,jpg,1169908,8.231,0,0,0,7.93,2.828
597,data/corpus/000/000604.html,html,15831,5.03,0,0,0,4.119,5.648
598,data/corpus/000/000605.pdf,pdf,20115,10.038,0,0,8,6.831,104.268
599,data/corpus/000/000606.pdf,pdf,9910,10.019,0,0,8,6.628,104.349
600,data/corpus/000/000607.html,html,49118,5.094,0,0,0,5.542,5.783
601,data/corpus/000/000608.html,html,65531,5.125,0,0,0,5.494,5.803
602,data/corpus/000/000609.html,html,39369,5.075,0,0,0,5.922,5.631
603,data/corpus/000/000610.pdf,pdf,33298,10.064,0,0,17,7.494,212.002
604,data/corpus/000/000611.html,html,211524,5.403,1,0,0,4.664,8.866
605,data/corpus/000/000612.html,html,282115,5.538,0,0,0,5.195,5.922
606,data/corpus/000/000613.html,html,35811,5.068,0,0,0,5.002,5.999
607,data/corpus/000/000614.jpg,jpg,237474,6.453,0,0,0,7.944,2.822
608,data/corpus/000/000615.html,html,1253,5.002,0,0,0,5.173,5.931
609,data/corpus/000/000616.html,html,2013,5.004,0,0,0,5.212,5.915
610,data/corpus/000/000617.html,html,2639,5.005,0,0,0,5.723,5.711
611,data/corpus/000/000618.pdf,pdf,58435,10.111,0,0,24,7.725,295.91
612,data/corpus/000/000619.txt,txt,291,4.001,0,0,0,4.497,6.799
613,data/corpus/000/000620.txt,txt,159881,4.305,0,0,0,4.709,6.884
614,data/corpus/000/000621.txt,txt,1698,4.003,0,0,0,4.745,6.898
615,data/corpus/000/000622.txt,txt,1696,4.003,0,0,0,4.553,6.821
616,data/corpus/000/000623.html,html,307,5.001,1,0,0,5.112,8.955
617,data/corpus/000/000624.txt,txt,1244208,6.373,0,0,0,4.755,6.902
618,data/corpus/000/000625.txt,txt,7632,4.015,0,0,0,5.234,6.906
619,data/corpus/000/000626.txt,txt,5544,4.011,0,0,0,5.154,6.939
620,data/corpus/000/000628.pdf,pdf,376269,10.718,0,0,2,7.928,31.829
621,data/corpus/000/000629.pdf,pdf,303658,10.579,0,0,6,7.903,79.839
622,data/corpus/000/000630.pdf,pdf,290656,10.554,0,0,7,7.899,91.841
623,data/corpus/000/000631.pdf,pdf,316727,10.604,0,0,7,7.904,91.838
624,data/corpus/000/000632.pdf,pdf,51231,10.098,0,0,13,7.184,164.127
625,data/corpus/000/000633.xls,xls,3922944,16.482,0,0,0,4.341,8.737
626,data/corpus/000/000634.html,html,17269,5.033,0,0,0,4.849,5.94
627,data/corpus/000/000635.html,html,88910,5.17,0,0,0,5.389,5.844
628,data/corpus/000/000636.html,html,70748,5.135,0,0,0,5.47,5.812
629,data/corpus/000/000637.html,html,57079,5.109,0,0,0,4.757,5.903
630,data/corpus/000/000638.html,html,11387,5.022,3,0,0,4.513,14.805
631,data/corpus/000/000639.html,html,238245,5.454,0,0,0,4.559,5.824
632,data/corpus/000/000640.html,html,46190,5.088,1,0,0,5.257,8.897
633,data/corpus/000/000641.txt,txt,2867,4.005,0,0,6,3.354,78.342
634,data/corpus/000/000642.txt,txt,1438,4.003,0,0,9,3.402,114.361
635,data/corpus/000/000643.txt,txt,3354,4.006,0,0,0,2.317,5.927
636,data/corpus/000/000644.txt,txt,22282,4.042,0,0,0,2.762,6.105
637,data/corpus/000/000645.txt,txt,22546,4.043,0,0,0,2.641,6.056
638,data/corpus/000/000646.txt,txt,8676,4.017,0,0,0,3.857,6.543
639,data/corpus/000/000647.txt,txt,22113,4.042,0,0,0,3.219,6.288
640,data/corpus/000/000648.txt,txt,46377,4.088,0,0,0,3.432,6.373
641,data/corpus/000/000649.txt,txt,501907,4.957,1,0,0,3.574,9.43
642,data/corpus/000/000650.txt,txt,501907,4.957,1,0,0,3.558,9.423
643,data/corpus/000/000651.txt,txt,14981,4.029,0,0,45,3.724,546.489
644,data/corpus/000/000652.txt,txt,137088,4.261,0,0,0,2.921,6.168
645,data/corpus/000/000653.txt,txt,262889,4.501,0,0,0,3.739,6.496
646,data/corpus/000/000654.txt,txt,37044,4.071,0,0,0,3.712,6.485
647,data/corpus/000/000655.txt,txt,188458,4.359,0,0,0,5.381,6.848
648,data/corpus/000/000656.txt,txt,1120311,6.137,0,0,0,3.814,6.526
649,data/corpus/000/000657.txt,txt,134808,4.257,0,0,0,4.402,6.761
650,data/corpus/000/000658.txt,txt,7440685,18.192,0,0,0,3.262,6.305
651,data/corpus/000/000659.txt,txt,262791,4.501,0,0,0,3.762,6.505
652,data/corpus/000/000660.txt,txt,1264086,6.411,0,0,0,3.906,6.562
653,data/corpus/000/000661.txt,txt,399089,4.761,0,0,82,3.381,990.353
654,data/corpus/000/000662.txt,txt,828,4.002,0,0,0,3.623,6.449
655,data/corpus/000/000663.pdf,pdf,7837,10.015,0,0,10,4.85,128.94
656,data/corpus/000/000664.txt,txt,1002998,5.913,0,0,0,3.515,6.406
657,data/corpus/000/000665.txt,txt,226800,4.433,0,0,0,2.283,5.913
658,data/corpus/000/000666.txt,txt,562728,5.073,0,0,134,5.116,1614.953
659,data/corpus/000/000667.txt,txt,108830,4.208,0,0,0,3.768,6.507
660,data/corpus/000/000668.txt,txt,231743,4.442,0,0,0,3.888,6.555
661,data/corpus/000/000669.txt,txt,569670,5.087,0,0,0,3.839,6.535
662,data/corpus/000/000670.txt,txt,1809908,7.452,0,0,0,3.829,6.532
663,data/corpus/000/000671.pdf,pdf,867979,11.656,1,0,32,7.649,394.94
664,data/corpus/000/000672.pdf,pdf,1101626,12.101,0,0,120,5.813,1448.675
665,data/corpus/000/000674.pdf,pdf,2285075,14.358,0,0,4,7.876,55.849
666,data/corpus/000/000675.doc,doc,124416,8.237,1,0,0,4.595,10.838
667,data/corpus/000/000676.pdf,pdf,51485,10.098,0,0,10,7.712,127.915
668,data/corpus/000/000677.doc,doc,1350144,10.575,3,0,0,4.804,16.921
669,data/corpus/000/000678.doc,doc,29184,8.056,0,0,0,3.298,7.319
670,data/corpus/000/000681.jpg,jpg,111869,6.213,0,0,0,7.974,2.81
671,data/corpus/000/000682.jpg,jpg,125365,6.239,0,0,0,7.977,2.809
672,data/corpus/000/000684.jpg,jpg,84403,6.161,0,0,0,7.978,2.809
673,data/corpus/000/000686.doc,doc,35840,8.068,0,0,0,2.719,7.088
674,data/corpus/000/000687.doc,doc,64000,8.122,0,0,0,5.534,7.787
675,data/corpus/000/000688.gif,gif,3843,5.007,0,0,0,7.923,1.831
676,data/corpus/000/000689.csv,csv,2575,6.005,0,0,0,3.357,7.343
677,data/corpus/000/000690.csv,csv,37449,6.071,0,0,0,4.924,7.97
678,data/corpus/000/000691.doc,doc,59392,8.113,0,0,0,3.392,7.357
679,data/corpus/000/000692.html,html,15891,5.03,0,0,0,4.663,5.865
680,data/corpus/000/000693.doc,doc,59904,8.114,0,0,0,3.377,7.351
681,data/corpus/000/000694.html,html,11646,5.022,0,0,0,4.627,5.851
682,data/corpus/000/000695.doc,doc,25088,8.048,0,0,0,1.89,6.756
683,data/corpus/000/000696.doc,doc,154624,8.295,0,0,0,7.071,7.172
684,data/corpus/000/000697.log,log,109101,4.208,0,0,0,3.993,6.597
685,data/corpus/000/000698.log,log,826163,5.576,1,0,0,5.092,9.963
686,data/corpus/000/000699.log,log,1865310,7.558,1,0,1,4.897,21.959
687,data/corpus/000/000700.xml,xml,57438,5.11,4,0,0,4.246,17.699
688,data/corpus/000/000701.doc,doc,21504,8.041,0,0,0,2.229,6.892
689,data/corpus/000/000702.ps,ps,1782758,11.4,0,0,12,5.263,148.895
690,data/corpus/000/000703.xml,xml,33843,5.065,2,0,0,4.864,11.946
691,data/corpus/000/000704.xml,xml,57668,5.11,1,0,0,4.689,8.875
692,data/corpus/000/000705.doc,doc,423936,8.809,0,0,0,7.184,7.127
693,data/corpus/000/000706.doc,doc,34304,8.065,0,0,0,2.128,6.851
694,data/corpus/000/000707.doc,doc,84480,8.161,0,0,0,4.93,7.972
695,data/corpus/000/000710.ppt,ppt,4036608,14.699,0,0,0,7.963,4.815
696,data/corpus/000/000711.ppt,ppt,1924608,10.671,0,0,0,7.914,4.834
697,data/corpus/000/000712.ppt,ppt,31232,7.06,0,0,0,4.433,5.773
698,data/corpus/000/000713.ppt,ppt,54272,7.104,1,0,0,4.411,8.764
699,data/corpus/000/000714.ppt,ppt,488448,7.932,0,0,0,7.982,4.807
700,data/corpus/000/000715.ppt,ppt,986624,8.882,0,0,0,7.919,4.832
701,data/corpus/000/000716.ppt,ppt,4794880,16.146,0,0,0,7.838,4.865
702,data/corpus/000/000717.ppt,ppt,81920,7.156,0,0,0,3.937,5.575
703,data/corpus/000/000718.gz,gz,390203,12.744,0,0,0,7.651,3.94
704,data/corpus/000/000719.ppt,ppt,47104,7.09,0,0,0,4.276,5.71
705,data/corpus/000/000720.ppt,ppt,544256,8.038,0,0,0,7.989,4.804
706,data/corpus/000/000721.csv,csv,8601,6.016,0,0,0,4.654,7.862
707,data/corpus/000/000722.csv,csv,3815,6.007,0,0,0,4.982,7.993
708,data/corpus/000/000723.ppt,ppt,820224,8.564,0,0,0,7.315,5.074
709,data/corpus/000/000724.ppt,ppt,629760,8.201,0,0,0,7.989,4.805
710,data/corpus/000/000725.ppt,ppt,1004032,8.915,0,0,0,7.983,4.807
711,data/corpus/000/000726.html,html,30317,5.058,1,0,0,5.197,8.921
712,data/corpus/000/000727.ppt,ppt,679936,8.297,0,0,0,7.937,4.825
713,data/corpus/000/000728.ppt,ppt,403456,7.77,0,0,0,4.592,5.837
714,data/corpus/000/000729.ppt,ppt,373760,7.713,0,0,0,4.585,5.834
715,data/corpus/000/000730.ps,ps,315236,8.601,0,7,1,4.925,72.97
716,data/corpus/000/000731.ps,ps,3410835,14.506,0,0,0,4.941,4.976
717,data/corpus/000/000732.ppt,ppt,683520,8.304,0,0,0,7.989,4.804
718,data/corpus/000/000733.ps,ps,52862,8.101,0,16,0,5.071,132.972
719,data/corpus/000/000734.ps,ps,3333545,14.358,1,10,0,4.709,87.884
720,data/corpus/000/000735.html,html,127193,5.243,0,0,0,4.703,5.881
721,data/corpus/000/000736.gz,gz,5826642,23.113,0,0,0,7.994,3.802
722,data/corpus/000/000737.pdf,pdf,3613556,16.892,0,0,0,7.912,7.835
723,data/corpus/000/000738.pdf,pdf,18952,10.036,0,0,14,6.44,176.424
724,data/corpus/000/000739.pdf,pdf,2585410,14.931,0,0,5,7.94,67.824
725,data/corpus/000/000740.html,html,30978,5.059,0,0,0,5.132,5.947
726,data/corpus/000/000741.log,log,12351,4.024,0,0,0,5.401,6.84
727,data/corpus/000/000742.pdf,pdf,18530,10.035,0,0,5,7.069,68.172
728,data/corpus/000/000743.log,log,25255,4.048,0,0,0,5.565,6.774
729,data/corpus/000/000744.pdf,pdf,2006417,13.827,0,0,21,7.704,259.919
730,data/corpus/000/000745.pdf,pdf,51665,10.099,0,0,17,7.563,211.975
731,data/corpus/000/000746.pdf,pdf,574613,11.096,0,0,10,7.958,127.817
732,data/corpus/000/000747.pdf,pdf,67234,10.128,0,0,15,7.634,187.946
733,data/corpus/000/000748.pdf,pdf,296356,10.565,0,0,6,7.926,79.83
734,data/corpus/000/000749.html,html,63175,5.12,0,0,0,4.808,5.923
735,data/corpus/000/000750.pdf,pdf,328238,10.626,0,0,15,7.911,187.836
736,data/corpus/000/000751.pdf,pdf,384101,10.733,0,1,17,7.887,219.845
737,data/corpus/000/000752.pdf,pdf,496878,10.948,0,0,10,7.914,127.834
738,data/corpus/000/000753.pdf,pdf,160991,10.307,0,0,13,7.928,163.829
739,data/corpus/000/000754.gz,gz,232167,12.443,0,0,0,7.994,3.803
740,data/corpus/000/000755.pdf,pdf,385217,10.735,0,0,4,7.881,55.848
741,data/corpus/000/000756.csv,csv,2099672,10.005,0,0,0,4.562,7.825
742,data/corpus/000/000757.pdf,pdf,18347,10.035,0,0,5,7.671,67.932
743,data/corpus/000/000759.doc,doc,1502208,10.865,1,0,0,4.98,10.992
744,data/corpus/000/000760.pdf,pdf,59141,10.113,0,0,10,7.961,127.816
745,data/corpus/000/000761.pdf,pdf,2145627,14.092,0,0,5,7.625,67.95
746,data/corpus/000/000762.pdf,pdf,2393778,14.566,0,0,5,7.901,67.84
747,data/corpus/000/000763.pdf,pdf,404009,10.771,0,0,3,6.988,44.205
748,data/corpus/000/000764.csv,csv,8305,6.016,0,0,0,3.768,7.507
749,data/corpus/000/000765.log,log,69246,4.132,5,0,0,5.225,21.91
750,data/corpus/000/000766.ps,ps,5141572,17.807,0,0,12,5.242,148.903
751,data/corpus/000/000767.ps,ps,4928658,17.401,0,0,12,5.25,148.9
752,data/corpus/000/000768.ps,ps,452744,8.864,1,0,2,4.627,31.851
753,data/corpus/000/000770.pdf,pdf,46927,10.09,0,0,16,7.252,200.099
754,data/corpus/000/000771.doc,doc,3030016,13.779,0,0,0,5.417,7.833
755,data/corpus/000/000772.ps,ps,310380,8.592,0,0,2,5.156,28.938
756,data/corpus/000/000773.ps,ps,317492,8.606,0,0,0,5.195,4.922
757,data/corpus/000/000774.ps,ps,4540613,16.661,0,0,3,5.113,40.955
758,data/corpus/000/000775.xls,xls,96768,9.185,0,0,0,4.933,8.973
759,data/corpus/000/000776.xls,xls,2082816,12.973,0,0,0,5.651,8.74
760,data/corpus/000/000777.xls,xls,137728,9.263,0,0,0,4.864,8.946
761,data/corpus/000/000778.xls,xls,150528,9.287,0,0,0,4.885,8.954
762,data/corpus/000/000779.xls,xls,620032,10.183,0,0,0,7.358,8.057
763,data/corpus/000/000780.xls,xls,96768,9.185,0,0,0,4.906,8.962
764,data/corpus/000/000781.xls,xls,282112,9.538,0,0,0,4.234,8.694
765,data/corpus/000/000782.xls,xls,30720,9.059,1,0,0,4.695,11.878
766,data/corpus/000/000783.html,html,149711,5.286,0,0,0,4.709,5.884
767,data/corpus/000/000784.html,html,9842,5.019,0,0,0,4.761,5.904
768,data/corpus/000/000785.html,html,34473,5.066,0,0,0,4.726,5.89
769,data/corpus/000/000786.gz,gz,282032,12.538,0,0,0,7.995,3.802
770,data/corpus/000/000787.html,html,17137,5.033,2,0,0,5.276,11.889
771,data/corpus/000/000788.doc,doc,34816,8.066,0,0,0,3.566,7.426
772,data/corpus/000/000789.html,html,9541,5.018,0,0,0,5.037,5.985
773,data/corpus/000/000790.doc,doc,77824,8.148,1,0,0,4.689,10.876
774,data/corpus/000/000791.html,html,61312,5.117,0,0,0,5.31,5.876
775,data/corpus/000/000792.html,html,37681,5.072,0,0,0,4.832,5.933
776,data/corpus/000/000793.html,html,9023,5.017,0,0,0,4.987,5.995
777,data/corpus/000/000794.html,html,68613,5.131,0,0,0,5.151,5.94
778,data/corpus/000/000795.doc,doc,826368,9.576,1,0,0,4.718,10.887
779,data/corpus/000/000796.doc,doc,108032,8.206,0,0,0,4.819,7.928
780,data/corpus/000/000797.html,html,25869,5.049,2,0,0,5.222,11.911
781,data/corpus/000/000798.html,html,335,5.001,0,0,0,4.948,5.979
782,data/corpus/000/000799.doc,doc,149504,8.285,0,0,0,5.125,7.95
783,data/corpus/000/000800.html,html,2516,5.005,0,0,0,4.92,5.968
784,data/corpus/000/000801.doc,doc,6149120,19.729,0,0,0,5.176,7.929
785,data/corpus/000/000802.doc,doc,228864,8.437,0,0,0,4.655,7.862
786,data/corpus/000/000803.rtf,rtf,45138,6.086,0,0,0,5.046,6.982
787,data/corpus/000/000804.doc,doc,130048,8.248,0,0,0,4.599,7.84
788,data/corpus/000/000805.html,html,4938,5.009,0,0,0,4.943,5.977
789,data/corpus/000/000806.doc,doc,55296,8.105,0,0,0,4.002,7.601
790,data/corpus/000/000807.pdf,pdf,2768386,15.28,0,0,7,7.722,91.911
791,data/corpus/000/000808.html,html,5334,5.01,2,0,0,5.38,11.848
792,data/corpus/000/000809.pdf,pdf,32034,10.061,0,0,13,7.555,163.978
793,data/corpus/000/000810.pdf,pdf,30055,10.057,0,0,9,7.452,116.019
794,data/corpus/000/000811.pdf,pdf,69137,10.132,0,0,16,7.807,199.877
795,data/corpus/000/000812.html,html,9164,5.017,1,0,0,5.105,8.958
796,data/corpus/000/000813.pdf,pdf,104965,10.2,0,0,7,7.948,91.821
797,data/corpus/000/000814.html,html,2753,5.005,0,0,0,5.024,5.991
798,data/corpus/000/000815.html,html,30810,5.059,0,0,0,4.718,5.887
799,data/corpus/000/000816.pdf,pdf,43914,10.084,0,0,15,7.613,187.955
800,data/corpus/000/000817.pdf,pdf,1471951,12.808,0,0,11,7.735,139.906
801,data/corpus/000/000818.pdf,pdf,23182,10.044,0,0,12,7.472,152.011
802,data/corpus/000/000819.html,html,11630,5.022,0,0,0,5.273,5.891
803,data/corpus/000/000820.html,html,10954,5.021,0,0,0,5.083,5.967
804,data/corpus/000/000821.html,html,17868,5.034,0,0,0,5.599,5.76
805,data/corpus/000/000823.html,html,16647,5.032,0,0,0,5.006,5.998
806,data/corpus/000/000824.html,html,8441,5.016,0,0,0,4.773,5.909
807,data/corpus/000/000825.pdf,pdf,46623,10.089,0,0,20,7.775,247.89
808,data/corpus/000/000826.pdf,pdf,1863437,13.554,0,0,12,7.951,151.82
809,data/corpus/000/000827.txt,txt,992,4.002,0,0,0,4.569,6.828
810,data/corpus/000/000828.txt,txt,1513,4.003,0,0,0,4.83,6.932
811,data/corpus/000/000829.txt,txt,1426,4.003,0,0,0,4.408,6.763
812,data/corpus/000/000830.html,html,89891,5.171,0,0,0,4.803,5.921
813,data/corpus/000/000831.txt,txt,1483,4.003,0,0,0,4.452,6.781
814,data/corpus/000/000832.txt,txt,3409,4.007,0,0,0,4.648,6.859
815,data/corpus/000/000833.txt,txt,3392,4.006,0,0,0,4.666,6.866
816,data/corpus/000/000834.pdf,pdf,51588,10.098,0,0,16,7.214,200.114
817,data/corpus/000/000835.txt,txt,21301,4.041,2,0,0,4.738,12.895
818,data/corpus/000/000836.txt,txt,8464,4.016,2,0,0,4.877,12.951
819,data/corpus/000/000837.txt,txt,8189,4.016,2,0,0,4.898,12.959
820,data/corpus/000/000838.pdf,pdf,40395,10.077,0,0,9,7.145,116.142
821,data/corpus/000/000839.pdf,pdf,185106,10.353,0,0,18,7.731,223.907
822,data/corpus/000/000840.pdf,pdf,13138,10.025,0,0,15,6.973,188.211
823,data/corpus/000/000841.txt,txt,8960,4.017,0,0,0,4.678,6.871
824,data/corpus/000/000842.txt,txt,823,4.002,0,0,0,5.126,6.95
825,data/corpus/000/000843.pdf,pdf,119705,10.228,0,0,7,7.956,91.817
826,data/corpus/000/000844.txt,txt,9163,4.017,0,0,0,4.734,6.893
827,data/corpus/000/000845.swf,swf,336600,6.642,0,0,0,7.971,1.811
828,data/corpus/000/000846.txt,txt,20699,4.039,3,0,0,4.758,15.903
829,data/corpus/000/000847.txt,txt,33059,4.063,0,0,0,4.385,6.754
830,data/corpus/000/000848.txt,txt,27934,4.053,0,0,0,4.964,6.986
831,data/corpus/000/000849.txt,txt,40403,4.077,1,0,0,4.663,9.865
832,data/corpus/000/000850.txt,txt,44597,4.085,0,0,0,4.684,6.873
833,data/corpus/000/000851.txt,txt,12507,4.024,0,0,0,4.393,6.757
834,data/corpus/000/000852.txt,txt,16458,4.031,1,0,0,4.803,9.921
835,data/corpus/000/000853.pdf,pdf,456708,10.871,0,0,15,7.924,187.83
836,data/corpus/000/000854.pdf,pdf,267421,10.51,2,0,28,7.867,349.853
837,data/corpus/000/000855.txt,txt,4211,4.008,0,0,0,4.666,6.867
838,data/corpus/000/000856.txt,txt,3872,4.007,1,0,0,4.661,9.864
839,data/corpus/000/000857.txt,txt,58343,4.111,0,0,0,4.597,6.839
840,data/corpus/000/000858.txt,txt,186576,4.356,0,0,0,4.525,6.81
841,data/corpus/000/000859.pdf,pdf,4119909,17.858,0,0,3,6.483,44.407
842,data/corpus/000/000860.txt,txt,43436,4.083,4,0,0,4.752,18.901
843,data/corpus/000/000861.txt,txt,36197,4.069,1,0,0,4.713,9.885
844,data/corpus/000/000862.txt,txt,19449,4.037,0,0,0,4.464,6.786
845,data/corpus/000/000863.txt,txt,56582,4.108,5,0,0,4.63,21.852
846,data/corpus/000/000864.txt,txt,21704,4.041,2,0,0,4.521,12.808
847,data/corpus/000/000865.gz,gz,266146,12.508,0,0,0,7.641,3.944
848,data/corpus/000/000866.txt,txt,68396,4.13,0,0,0,4.43,6.772
849,data/corpus/000/000867.jpg,jpg,25745,6.049,0,0,0,7.962,2.815
850,data/corpus/000/000868.jpg,jpg,25831,6.049,0,0,0,7.968,2.813
851,data/corpus/000/000869.jpg,jpg,5143,6.01,0,0,0,7.922,2.831
852,data/corpus/000/000870.jpg,jpg,145826,6.278,0,0,0,7.972,2.811
853,data/corpus/000/000871.jpg,jpg,12657,6.024,0,0,0,7.958,2.817
854,data/corpus/000/000872.jpg,jpg,73959,6.141,0,0,0,7.943,2.823
855,data/corpus/000/000873.jpg,jpg,34755,6.066,0,0,0,7.979,2.808
856,data/corpus/000/000874.jpg,jpg,5726,6.011,0,0,0,7.913,2.835
857,data/corpus/000/000875.html,html,17105,5.033,0,0,0,5.276,5.89
858,data/corpus/000/000876.jpg,jpg,1234732,8.355,0,0,0,7.953,2.819
859,data/corpus/000/000877.html,html,65798,5.125,0,0,0,5.505,5.798
860,data/corpus/000/000878.pdf,pdf,47134,10.09,0,0,17,7.784,211.886
861,data/corpus/000/000879.jpg,jpg,994547,7.897,0,0,0,7.956,2.818
862,data/corpus/000/000880.jpg,jpg,109152,6.208,0,0,0,7.974,2.81
863,data/corpus/000/000881.jpg,jpg,130944,6.25,0,0,0,7.653,2.939
864,data/corpus/000/000882.pdf,pdf,19607,10.037,0,0,7,7.536,91.986
865,data/corpus/000/000883.jpg,jpg,57816,6.11,0,0,0,7.989,2.805
866,data/corpus/000/000884.jpg,jpg,103940,6.198,0,0,0,7.928,2.829
867,data/corpus/000/000885.pdf,pdf,52185,10.1,0,0,36,7.306,440.078
868,data/corpus/000/000886.pdf,pdf,376076,10.717,0,0,0,7.917,7.833
869,data/corpus/000/000887.pdf,pdf,1307071,12.493,0,0,5,7.78,67.888
870,data/corpus/000/000888.jpg,jpg,2723425,11.195,0,0,0,7.931,2.828
871,data/corpus/000/000889.jpg,jpg,48406,6.092,0,0,0,7.912,2.835
872,data/corpus/000/000890.jpg,jpg,21392,6.041,0,0,0,7.848,2.861
873,data/corpus/000/000891.html,html,22226,5.042,0,0,0,5.101,5.96
874,data/corpus/000/000892.html,html,18395,5.035,1,0,0,5.183,8.927
875,data/corpus/000/000893.html,html,28262,5.054,0,0,0,5.203,5.919
876,data/corpus/000/000894.html,html,21757,5.041,1,0,0,5.095,8.962
877,data/corpus/000/000895.html,html,36204,5.069,2,0,0,4.992,11.997
878,data/corpus/000/000896.jpg,jpg,24174,6.046,0,0,0,7.909,2.836
879,data/corpus/000/000897.jpg,jpg,57596,6.11,0,0,0,6.895,3.242
880,data/corpus/000/000898.html,html,22593,5.043,0,0,0,5.102,5.959
881,data/corpus/000/000899.pdf,pdf,135640,10.259,0,0,8,7.946,103.821
882,data/corpus/000/000900.jpg,jpg,17267,6.033,0,0,0,7.961,2.815
883,data/corpus/000/000901.pdf,pdf,24248,10.046,0,0,13,7.239,164.104
884,data/corpus/000/000902.jpg,jpg,29629,6.057,0,0,0,7.842,2.863
885,data/corpus/000/000903.jpg,jpg,99121,6.189,0,0,0,7.989,2.804
886,data/corpus/000/000904.pdf,pdf,320888,10.612,0,0,3,7.77,43.892
887,data/corpus/000/000905.jpg,jpg,9322,6.018,0,0,0,7.939,2.825
888,data/corpus/000/000906.jpg,jpg,17571,6.034,0,0,0,7.869,2.852
889,data/corpus/000/000907.html,html,37497,5.072,15,0,0,4.794,35.918
890,data/corpus/000/000908.jpg,jpg,12412,6.024,0,0,0,7.956,2.817
891,data/corpus/000/000909.jpg,jpg,9906,6.019,0,0,0,7.94,2.824
892,data/corpus/000/000910.jpg,jpg,35942,6.069,0,0,0,7.953,2.819
893,data/corpus/000/000911.doc,doc,46080,8.088,1,0,0,3.563,10.425
894,data/corpus/000/000912.jpg,jpg,14692,6.028,0,0,0,7.951,2.819
895,data/corpus/000/000913.doc,doc,174592,8.333,1,0,0,4.633,10.853
896,data/corpus/000/000916.html,html,9902,5.019,0,0,0,5.536,5.785
897,data/corpus/000/000917.html,html,90363,5.172,0,0,0,5.528,5.789
898,data/corpus/000/000918.html,html,60120,5.115,1,1,0,5.405,16.838
899,data/corpus/000/000919.html,html,36522,5.07,0,0,0,4.754,5.902
900,data/corpus/000/000920.txt,txt,3302465,10.299,0,0,0,3.131,6.253
901,data/corpus/000/000921.txt,txt,547799,5.045,0,0,0,3.973,6.589
902,data/corpus/000/000922.java,java,14152,7.027,0,0,0,3.672,4.469
903,data/corpus/000/000923.xml,xml,13498,5.026,0,0,0,5.328,5.869
904,data/corpus/000/000924.txt,txt,5799402,15.061,0,0,0,3.549,6.42
905,data/corpus/000/000925.txt,txt,501907,4.957,1,0,0,3.561,9.424
906,data/corpus/000/000926.txt,txt,226440,4.432,0,0,1,3.021,18.208
907,data/corpus/000/000927.txt,txt,501907,4.957,1,0,0,3.549,9.419
908,data/corpus/000/000928.txt,txt,262808,4.501,0,0,0,3.773,6.509
909,data/corpus/000/000929.txt,txt,356264,4.68,0,0,0,3.717,6.487
910,data/corpus/000/000930.txt,txt,422950,4.807,0,0,0,3.126,6.251
911,data/corpus/000/000931.txt,txt,836423,5.595,0,0,0,3.776,6.51
912,data/corpus/000/000932.txt,txt,913990,5.743,0,0,0,3.685,6.474
913,data/corpus/000/000933.txt,txt,1640607,7.129,0,0,0,3.459,6.383
914,data/corpus/000/000934.txt,txt,1165752,6.223,0,0,0,3.891,6.556
915,data/corpus/000/000935.txt,txt,126412,4.241,0,0,0,3.768,6.507
916,data/corpus/000/000936.txt,txt,282052,4.538,0,0,0,4.577,6.831
917,data/corpus/000/000937.txt,txt,300289,4.573,0,0,0,3.532,6.413
918,data/corpus/000/000938.txt,txt,29393421,60.064,0,0,0,3.499,6.4
919,data/corpus/000/000939.txt,txt,119678,4.228,0,0,0,3.757,6.503
920,data/corpus/000/000940.txt,txt,167487,4.319,0,0,0,3.616,6.447
921,data/corpus/000/000941.txt,txt,437315,4.834,0,0,0,3.552,6.421
922,data/corpus/000/000942.txt,txt,425167,4.811,0,0,0,3.815,6.526
923,data/corpus/000/000943.pdf,pdf,51770,10.099,3,0,2,6.445,41.422
924,data/corpus/000/000944.doc,doc,571904,9.091,1,0,0,5.133,10.947
925,data/corpus/000/000945.pdf,pdf,29269,10.056,0,0,13,7.309,164.076
926,data/corpus/000/000946.doc,doc,31232,8.06,0,0,0,3.387,7.355
927,data/corpus/000/000947.html,html,308,5.001,1,0,0,5.108,8.957
928,data/corpus/000/000948.doc,doc,62976,8.12,1,0,0,5.976,10.61
929,data/corpus/000/000949.doc,doc,69120,8.132,0,0,0,4.794,7.918
930,data/corpus/000/000950.doc,doc,171520,8.327,0,0,0,4.971,7.989
931,data/corpus/000/000951.html,html,308,5.001,1,0,0,5.104,8.958
932,data/corpus/000/000952.doc,doc,247296,8.472,0,0,0,4.563,7.825
933,data/corpus/000/000953.doc,doc,101376,8.193,0,0,0,5.466,7.814
934,data/corpus/000/000954.pdf,pdf,69431,10.132,0,0,13,7.713,163.915
935,data/corpus/000/000955.pdf,pdf,193435,10.369,0,0,0,4.125,8.65
936,data/corpus/000/000956.pdf,pdf,277775,10.53,0,0,3,5.148,44.941
937,data/corpus/000/000957.doc,doc,46592,8.089,0,0,0,4.172,7.669
938,data/corpus/000/000958.doc,doc,652800,9.245,0,0,0,4.801,7.92
939,data/corpus/000/000959.xls,xls,31744,9.061,0,0,0,3.424,8.37
940,data/corpus/000/000960.doc,doc,78336,8.149,2,0,0,4.319,13.728
941,data/corpus/000/000961.doc,doc,1376768,10.626,3,0,0,5.024,16.99
942,data/corpus/000/000962.jpg,jpg,209546,6.4,0,0,0,7.962,2.815
943,data/corpus/000/000963.doc,doc,113152,8.216,0,0,0,4.098,7.639
944,data/corpus/000/000964.doc,doc,424448,8.81,2,0,0,4.597,13.839
945,data/corpus/000/000965.doc,doc,238080,8.454,0,0,0,5.458,7.817
946,data/corpus/000/000966.doc,doc,1344000,10.563,2,0,0,4.727,13.891
947,data/corpus/000/000967.doc,doc,48128,8.092,0,0,0,4.36,7.744
948,data/corpus/000/000968.jpg,jpg,12253,6.023,0,0,0,7.935,2.826
949,data/corpus/000/000969.jpg,jpg,1710,6.003,0,0,0,7.659,2.936
950,data/corpus/000/000970.doc,doc,43520,8.083,0,0,0,3.758,7.503
951,data/corpus/000/000971.doc,doc,73216,8.14,0,0,0,3.708,7.483
952,data/corpus/000/000972.gif,gif,24614,5.047,0,0,0,7.873,1.851
953,data/corpus/000/000973.doc,doc,428032,8.816,0,0,0,4.83,7.932
954,data/corpus/000/000974.doc,doc,285184,8.544,2,0,0,4.574,13.829
955,data/corpus/000/000975.xml,xml,33479,5.064,1,0,0,4.293,8.717
956,data/corpus/000/000976.doc,doc,129536,8.247,0,0,0,4.046,7.618
957,data/corpus/000/000977.doc,doc,38400,8.073,1,0,0,2.901,10.16
958,data/corpus/000/000978.xml,xml,156498,5.298,0,0,0,4.036,5.614
959,data/corpus/000/000979.doc,doc,1795072,11.424,0,0,0,6.369,7.453
960,data/corpus/000/000980.ps,ps,6327212,20.068,0,0,1,5.1,16.96
961,data/corpus/000/000981.doc,doc,33280,8.063,3,0,0,3.202,16.281
962,data/corpus/000/000982.ppt,ppt,1104384,9.106,0,0,0,7.922,4.831
963,data/corpus/000/000983.ppt,ppt,92160,7.176,0,0,0,5.116,5.953
964,data/corpus/000/000984.ppt,ppt,923136,8.761,0,0,0,7.639,4.945
965,data/corpus/000/000985.ppt,ppt,1238016,9.361,0,0,0,7.899,4.841
966,data/corpus/000/000986.ppt,ppt,275456,7.525,0,0,0,7.982,4.807
967,data/corpus/000/000987.ppt,ppt,1231360,9.349,0,0,0,7.981,4.807
968,data/corpus/000/000988.ppt,ppt,130560,7.249,0,0,0,6.346,5.462
969,data/corpus/000/000989.ppt,ppt,358400,7.684,0,0,0,7.563,4.975
970,data/corpus/000/000990.ppt,ppt,584704,8.115,0,0,0,7.973,4.811
971,data/corpus/000/000991.ppt,ppt,343040,7.654,0,0,0,7.973,4.811
972,data/corpus/000/000992.ppt,ppt,70144,7.134,0,0,0,4.948,5.979
973,data/corpus/000/000993.ppt,ppt,401920,7.767,0,0,0,5.347,5.861
974,data/corpus/000/000994.ppt,ppt,1641984,10.132,0,0,0,7.982,4.807
975,data/corpus/000/000995.ppt,ppt,116736,7.223,0,0,0,4.285,5.714
976,data/corpus/000/000996.ps,ps,1062610,10.027,0,6,0,4.735,52.894
977,data/corpus/000/000997.ppt,ppt,62976,7.12,0,0,0,4.911,5.964
978,data/corpus/000/000998.ppt,ppt,453632,7.865,0,0,0,7.71,4.916
979,data/corpus/000/000999.ppt,ppt,430592,7.821,0,0,0,7.73,4.908
980,data/corpus/000/ziUrAJ8W,noext,131010734,256.883,0,0,0,7.996,3.802
